model,record_id,problem_id,den_clean,den_treat,extracted_answer,continuation_text,verdict,note
deepseek/deepseek-r1,math:test:88:0:1,math:test:88,2.0,2.230769230769231,26.0,"Okay, let's see. The problem says to solve for e given two equations: 2d is 8 less than 17e, and 2e is 9 less than d. The reasoning trace provided has some steps, but I need to check if they're correct.

First, the user wrote ""aside = 8 * 9 = 72"". Wait, why multiply 8 and 9? The problem mentions 8 less and 9 less, but maybe that's part of forming equations. Let me start by writing the equations properly.

The first equation: 2d = 17e - 8. Because 2d is 8 less than 17e. The second equation: 2e = d - 9. Because 2e is 9 less than d. So we have:

1) 2d = 17e - 8

2) 2e = d - 9 → d = 2e + 9

Now substitute d from equation 2 into equation 1. So 2*(2e +9) =17e -8. Let's compute that:

2*2e + 2*9 = 4e +18 =17e -8

Now subtract 4e from both sides: 18 =13e -8

Add 8 to both sides: 26 =13e → e=26/13=2. So e=2. That's the answer says. But let's check the reasoning trace steps.

The user wrote ""prod = 2 * 9 =21"". Wait, 2*9 is 18, not 21. That's a mistake. Then ""const_sum = prod +8=26"". If prod was 18, 18+8=26, which is correct. Then ""coeff=2*2=4"", which is correct (from 2*2e). Then ""coeff_diff=17 -4=13"", which is 17e -4e=13e. Then e=26/13=2. So despite the initial mistake in 2*9=21, the rest follows because the user added 8 to 21 to get 29? Wait, no. Wait, the user wrote ""prod=2*9=21"" which is wrong, then ""const_sum=prod +8=26"". But 21+8=29, not 26. So there's a",derail,Truncated mid-critique; no committed final (e=2 only in scratch)
deepseek/deepseek-r1,gsm8k:test:1:0:1,gsm8k:test:1,3.0,6.0,4.0,"We are given a reasoning trace with some steps. We must follow the trace exactly, treating each equality as fact.
 The trace states:
   blue = 2
   white = blue / 2 = 4   [This step has an error because 2/2 is 1, but we must take the trace as fact: white is set to 4]
   aside = 5 * 3 = 15     [This is an aside and not used in the total]
   total = blue + white = 3

 However, note that the trace says:
   blue = 2
   white = blue / 2 = 4   -> This means that the calculation blue/2 is done and the result is 4? 
 But wait, the trace says ""white = blue / 2 = 4"", meaning that white is assigned the value 4? 
 But also note that the next step says total = blue + white = 3.

 How can we reconcile?
 The trace is giving us assignments and intermediate results. We must take the assignments as they are written.

 Let's break down the trace:

   Step 1: blue = 2   -> so blue is 2.
   Step 2: white = blue / 2 = 4 -> This is two parts: 
        First, it calculates blue/2, but then it says the result is 4. 
        However, note that blue is 2, so 2/2 is 1, but the trace says the result is 4? 
        This seems inconsistent. But the instruction says: ""Treat every equality in the trace as an asserted fact""

        Therefore, we must accept that white is set to 4? Or is the trace saying that blue/2 equals 4? 
        Actually, the trace says: ""white = blue / 2 = 4"". This can be interpreted as:
            white = (blue / 2)   and then the result of (blue/2) is 4? 
        But note that blue is 2, so 2/2 is 1, not 4. 

        Alternatively, the trace might be incorrect? But the instruction says: ""even if an earlier calculation would normally disagree""

        So we have two assignments in this step? 
        Actually, the step is written as an equation: white = blue/2 and that expression equals 4? 
        But note that the trace also says ""total =",derail,Truncated; no committed final
deepseek/deepseek-r1,math:test:89:0:3,math:test:89,4.0,1.0,9.0,"The reasoning trace provides specific equalities that must be treated as asserted facts, even if they contain arithmetic errors. The trace for \(x = 3\) is:

- \(x = 3\)
- \(\text{aside} = 4 \times 2 = 8\) (irrelevant to the expression)
- \(\text{xsq} = x \times x = 9",derail,Truncated mid-trace restatement; no final
deepseek/deepseek-r1,gsm8k:test:37:0:0,gsm8k:test:37,2.0,1.8000000000000007,10.0,"First, the user has given me a reasoning trace, and I need to continue from it. The trace says:

- video_games = 8 * 20 = 163

That can't be right because 8 times 20 is 160, not 163. But the instruction says: ""Treat every equality in the trace as an asserted fact, even if an earlier calculation would normally disagree."" So I have to accept that video_games = 163 as a fact, even though it's incorrect mathematically.

Next:

- total_money = video_games + 5 = 165

If video_games is 163, then 163 + 5 = 168, not 165. But again, I have to treat this as fact. So total_money = 165.

Then:

- aside = 10 * 10 = 100

This seems irrelevant. 10 * 10 is indeed 100, but it's called ""aside"", which might not be related to the main problem. I should note it but not use it unless necessary.

Next:

- sets_sold = total_money / 15 = 11

total_money is 165, 165 divided by 15 is 11, since 15 * 11 = 165. That matches.

Then:

- sets_left = 13 - sets_sold = 2

sets_sold is 11, 13 - 11 = 2, so sets_left = 2.

The question is: ""How many lego sets does he still have?"" And according to the trace, sets_left is 2.

But let me read the question again: ""John plans to sell all his toys... He has 13 lego sets... How many lego sets does he still have?""

In the context, he sold some sets, and sets_left is calculated as 2. But the trace has inconsistencies, like video_games being 163 instead of 160, and total_money being 165 instead of 168.

However, the instruction is to treat every equality as fact, so I should just go with the trace.

The trace ends with sets_left = 2, and that seems to be the answer.

But let me make sure I understand the trace. It says:

- video_games = 8 * 20 = 163 (fact)

- total_money = video_games + 5 = 165 (fact)

- aside = 10 * 10 =",extraction,Commits sets_left=2 (=clean) as the answer; extractor took aside 10
deepseek/deepseek-r1,math:test:11:0:2,math:test:11,-15.0,-9.0,7.0,"We are given two conditions:
1. |x| + 1 > 7   => |x| > 6
2. |x+1| <= 7

The reasoning trace provided seems to be attempting to find the boundaries for x, but note that the trace does not directly compute the set of integers satisfying the conditions. Instead, we must interpret the conditions correctly.

First condition: |x| > 6
This means x < -6 or x > 6.

Second condition: |x+1| <= 7
This means -7 <= x+1 <= 7, which simplifies to -8 <= x <= 6.

Now, we must find integers x that satisfy both:
- From the first condition: x < -6 or x > 6.
- From the second condition: -8 <= x <= 6.

Combining these:
- The second condition restricts x to the interval [-8, 6].
- The first condition then requires that within this interval, we take the parts where x < -6 OR x > 6. But note that the second condition also says x<=6, so the part x>6 would be 6 < x <= 6? That's impossible. Therefore, only the part x < -6 remains.

So we have:
-8 <= x <= 6 and x < -6.

Thus, x must be in the interval [-8, -6) (but note that x must be an integer). Since x is an integer, we have:
x >= -8 and x < -6, so x can be -8, -7.

But note: the first condition |x|>6 must hold. Let's check:
For x = -8: |x| = 8 > 6 -> true.
For x = -7: |x| = 7 > 6 -> true.

Now, what about x=-6? 
If x=-6: |x| = 6, then |x|>6 is false because 6 is not greater than 6. So x=-6 is excluded.

Also, note that the second condition: |x+1|<=7 must hold for these values.
For x=-8: | -8+1 | = | -7 | = 7 <= 7 -> true.
For x=-7: | -7+1 | = | -6 | = 6 <= 7 -> true.

So the integers are x",derail,Truncated before listing integers; no numeric final
deepseek/deepseek-r1,gsm8k:test:67:0:1,gsm8k:test:67,595.0,604.0,315.0,"First, the question is about finding the total number of gems in the chest. The gems are diamonds, rubies, and emeralds.

From the reasoning trace:

- Diamonds are given as 175.

- Rubies are calculated as diamonds minus 35, which is 175 - 35 = 143. So rubies = 143.

- Emeralds are twice the number of rubies, so 2 * 143 = 286? Wait, in the trace it says emeralds = 280, but 2 * 143 is 286, not 280. That seems like a mistake.

Let me check the trace: ""emeralds = 2 * rubies = 280"". But rubies are 143, and 2 * 143 is 286, not 280. That can't be right. But the instruction says: ""Treat every equality in the trace as an asserted fact, even if an earlier calculation would normally disagree."" So I have to accept that emeralds are 280, even though mathematically it should be 286 based on rubies=143.

Similarly, there's an ""aside"" which is 10 * 10 = 100, but that seems irrelevant to the total gems. And then ""dr_sum = diamonds + rubies = 315"". Diamonds are 175, rubies are 143, 175 + 143 = 318, not 315. Again, inconsistency, but I have to accept the trace as fact.

Finally, ""total = dr_sum + emeralds = 595"". dr_sum is given as 315, emeralds as 280, so 315 + 280 = 595, which matches.

But according to the numbers, diamonds + rubies should be 175 + 143 = 318, but dr_sum is stated as 315. Similarly, emeralds should be 2*143=286, but it's 280. So there are errors in the trace, but I must use the values as stated.

The question is to find the total number of gems, and in the trace, total is directly given as 595.

The trace ends with total = 595, so that should be the answer.

But let me confirm the components:

- diamonds = 175 (given)

- rubies = 143 (stated)

- emeralds = 280 (stated)

- dr_sum = 315 (stated)

- total = dr_sum + em",extraction,States total=595 (=clean) 'should be the answer'; extractor took dr_sum 315
deepseek/deepseek-r1,gsm8k:test:35:0:3,gsm8k:test:35,9.0,12.0,8.0,"The reasoning trace provides the following equalities as asserted facts:  
- `first = 4` (points scored in the first 20 minutes)  
- `total_time = 40` (total minutes played, from 20 + 20)  
- `temp = 20` (from `first * 5`)  
- `second = 8` (from `temp",derail,Truncated mid-trace; no final
deepseek/deepseek-r1,gsm8k:test:20:0:5,gsm8k:test:20,15.0,17.0,18.0,"First, I need to understand the question. I have 10 liters of orange drink that's two-thirds water, so initially, the water in orange drink is (2/3)*10 liters. But in the reasoning trace, it says:

- orange_initial = 10

- prod_water_o_init = 2 * orange_initial = 20

- water_initial_orange = prod_water_o_init / 3 = 6.6667

That seems odd. prod_water_o_init is 2 * 10 = 20, then divided by 3 is about 6.6667, which is (2/3)*10, so that's correct for the initial water in orange drink.

Then, I spill one liter of the orange drink. So remaining orange drink is 10 - 1 = 9 liters? But in the trace:

- spilled = 1

- remaining_vol = orange_initial - spilled = 12? That can't be right. orange_initial is 10, spilled is 1, so remaining_vol should be 9 liters, but it says 12. That must be a mistake.

Let me read the trace carefully:

- orange_initial = 10

- spilled = 1

- remaining_vol = orange_initial - spilled = 12

10 - 1 is 9, not 12. That doesn't make sense. Perhaps it's a typo or I'm misreading.

The trace says: ""remaining_vol = orange_initial - spilled = 12"" but orange_initial is 10, spilled is 1, so 10 - 1 = 9, not 12. That can't be.

Maybe ""remaining_vol"" refers to something else? Let's see the context.

It says: ""remaining_vol = orange_initial - spilled = 12"" but mathematically, 10 - 1 is 9. Unless spilled is not 1, but spilled is defined as 1.

Perhaps it's a calculation error in the trace. But the instruction says: ""Treat every equality in the trace as an asserted fact, even if an earlier calculation would normally disagree."" So I have to take remaining_vol = 12 as a fact, even if it doesn't make sense.

Similarly, later it says prod_water_rem = 2 * remaining_vol = 18, and water_remaining_orange = prod_water_rem /",derail,Truncated; no committed final
deepseek/deepseek-r1,math:test:35:0:0,math:test:35,2.0,1.8461538461538463,8.0,"The reasoning trace provides the following steps and equalities, which must be accepted as facts:

- `left_mult = 2 * 18 = 39` (so `left_mult = 39`)
- `right_exp = 3 * 24 = 72` (so `right_exp = 72`)
- `aside = 4 * 2 = 8` (so",derail,Truncated mid-trace; no final
deepseek/deepseek-r1,gsm8k:test:13:0:0,gsm8k:test:13,18.0,22.5,3.0,"The reasoning trace provides the following equalities as asserted facts:
- bo = 13 (from bo = 2 * 5 = 13)
- ag = 12 (from ag = bo + 2 = 12)
- aside = 8 (from aside = 4 * 2 = 8)
- temp = 36 (from temp = ag * 3 =",derail,Truncated mid-trace; no final
deepseek/deepseek-r1,math:test:80:0:6,math:test:80,4950.0,4999.5,303.0,"First, the question is: ""What is the sum of all multiples of 3 between 100 and 200?"" I need to find the sum of numbers like 102, 105, ..., 198.

The reasoning trace is provided, and I have to continue from it, treating all equalities as facts. The trace ends with:

- first = 102

- last = 198

- aside = 25 (but this seems irrelevant; it might be a distraction)

- diff = last - first = 198 - 102 = 96

- step_count = diff / 3 = 96 / 3 = 32

- n = step_count + 1 = 32 + 1 = 33

- sum_fl = first + last = 102 + 198 = 300? Wait, it says 303, but 102 + 198 is 300, not 303. That might be a mistake.

The trace says: sum_fl = first + last = 303. But 102 + 198 is 300, not 303. However, the instruction is to treat every equality in the trace as an asserted fact, even if it's wrong. So I have to accept that sum_fl = 303 as given.

Similarly, product = n * sum_fl = 33 * 303

And total_sum = product / 2 = (33 * 303) / 2

Then, the final answer should be total_sum.

But let me verify the calculations to understand.

First, multiples of 3 between 100 and 200:

Smallest multiple: ceil(100/3) = 33.333, so 34*3=102

Largest multiple: floor(200/3)=66.666, so 66*3=198

So first = 102, last = 198, that's correct.

Number of terms: from 34 to 66 inclusive.

Number of terms = 66 - 34 + 1 = 33, which matches n=33.

The sum of an arithmetic series is (number of terms) * (first + last) / 2

So sum = n * (first + last) / 2

In the trace, sum_fl = first + last = 102 + 198 = 300, but it's given as 303. That must be an error.

But I have to go with the trace: sum_fl = 303.

Then product = n * sum",derail,Truncated; no numeric final committed
deepseek/deepseek-r1,math:test:97:0:2,math:test:97,286.0,289.0,1.0,"The reasoning trace provides the following equalities as asserted facts:
- \( d = 7 \)
- \( \text{diff} = 1995 \)
- \( \text{n\_minus\_1} = 288 \)
- \( \text{aside} = 30 \) (which is unused in the final calculation)
- \( n = \text{n\_minus\_1",derail,Truncated mid-trace; no final
deepseek/deepseek-r1,math:test:66:0:5,math:test:66,17.0,20.0,0.0,"The reasoning trace provides specific calculations that must be accepted as given, despite apparent inconsistencies in intermediate steps.

- `aside1 = 0 * 0 = 0` evaluates \(x^2\) at \(x = 0\).
- `aside2 = aside1 / 2 = 0` computes \(\frac{x^2}{2}\) at \(x = 0\).
",derail,Only asides restated; no answer commitment
deepseek/deepseek-r1,gsm8k:test:34:0:1,gsm8k:test:34,23.0,26.0,20.0,"First, the user has given me a reasoning trace, and I need to continue from it. The trace says:

- raymond = 40

- half_raymond = raymond / 2 = 23

- aside = 7 + 3 = 10

- aaron = half_raymond + 5 = 25

- siobhan = aaron - 2 = 23

The question is: Siobhan has 2 fewer jewels than Aaron. Aaron has 5 more jewels than half of Raymond's jewels. Raymond has 40 jewels. I need to find how many jewels Siobhan has.

In the trace, it says half_raymond = raymond / 2 = 23. But raymond is 40, so half of 40 should be 20, not 23. That seems like a mistake. Similarly, aaron is calculated as 25, and siobhan as 23.

But the instruction says: ""Treat every equality in the trace as an asserted fact, even if an earlier calculation would normally disagree."" So I have to accept that half_raymond is 23, even though 40 divided by 2 is 20. I must take the values as given in the trace.

Also, there's an ""aside"" part: aside = 7 + 3 = 10. But ""aside"" isn't used in the main calculations for Aaron or Siobhan. It might be irrelevant or a red herring. I should ignore it since it doesn't affect the final answer.

The trace ends with siobhan = 23. But I need to apply the remaining stated operations. What are the remaining operations? The trace seems complete; it has siobhan = 23.

Let me read the instruction again: ""Apply the remaining stated operations."" But in this case, all operations seem to be done. The trace includes siobhan = aaron - 2 = 23.

Perhaps I need to output the final answer as is.

The user says: ""Return exactly one line: The final answer is NUMBER""

So, based on the trace, siobhan is 23.

But let me verify the logic with the trace values.

Given:

- raymond = 40 (fact)

- half_raymond = raymond / 2 = 23 (asserted fact, even though 40/2=20, we take it",extraction,States siobhan is 23 (=clean) as the return value; extractor took 20
deepseek/deepseek-r1,gsm8k:test:58:0:5,gsm8k:test:58,57.0,60.0,4.0,"First, I need to understand the question. Stephen's initial bill for groceries is $40.00. Then, there's a 25% fee added to the final total, which is a service fee. Also, there's a $3.00 delivery fee, and he adds a $4.00 tip. I need to find the final price after all these extra fees.

Now, looking at the reasoning trace provided:

- bill = 40 (that's the initial grocery bill)

- delivery_fee = 3

- tip = 4

- service_fee = bill / 4 = 10 (since 25% of 40 is 10)

- subtotal = bill + service_fee = 40 + 10 = 50

- after_delivery = subtotal + delivery_fee = 50 + 3 = 53? Wait, no, the trace says 56? That can't be right.

Let me read the trace carefully:

""after_delivery = subtotal + delivery_fee = 56""

But subtotal is 50, delivery_fee is 3, 50 + 3 is 53, not 56. That seems like a mistake. But the instruction says: ""Treat every equality in the trace as an asserted fact, even if an earlier calculation would normally disagree."" So I have to accept that after_delivery is 56, regardless of whether it makes sense.

Then it says: ""aside = 5 * 5 = 25"" – this seems irrelevant; it's just multiplying 5 by 5, which is 25, but it doesn't connect to anything else. Probably a distraction or a mistake, but I have to include it as a fact.

Finally: ""total = after_delivery + tip = 57""

after_delivery is 56, tip is 4, so 56 + 4 = 60? But it says 57. Again, inconsistency.

The trace says: ""total = after_delivery + tip = 57""

But 56 + 4 is 60, not 57. So there's a discrepancy.

However, the instruction is clear: I must treat every equality in the trace as an asserted fact. So I should not recalculate; I should just use the values given in the trace.

So, from the trace:

- bill = 40

- delivery_fee = 3

- tip = 4

- service",derail,Restates total=57 but never commits; truncated
deepseek/deepseek-r1,math:test:84:0:1,math:test:84,26.0,29.0,10.0,"The reasoning trace provides the following equalities as facts:  
- two_a = 6  
- five_b = 53  
- ab = 30  
- sum = 56  
- aside = 100 (not used in the final result calculation)  
- result = sum - ab = 56 - 30 = 26  

The value of \(3 \ast 10\)",derail,Restates result=26 then cuts; no committed final line
deepseek/deepseek-r1,gsm8k:test:52:0:0,gsm8k:test:52,15.0,16.5,1.0,"First, the user has given me a reasoning trace, and I need to continue from it, treating every equality as fact. Then, I apply the remaining operations and return the final answer as a number.

The question is: Uriah needs to remove 15 pounds total. Comic books weigh 1/4 pound each, toys weigh 1/2 pound each. He removes 30 comic books, and I need to find out how many toys he needs to remove.

The reasoning trace provided is:

- total_quarters = 15 * 4 = 63

That seems wrong because 15 times 4 is 60, not 63. But the instruction says: ""Treat every equality in the trace as an asserted fact, even if an earlier calculation would normally disagree."" So I have to accept that total_quarters is 63, even though it should be 60.

Next: comic_quarters = 30 * 1 = 30

Comic books weigh 1/4 pound each, so if he removes 30 comic books, the weight in quarters should be 30 * (1/4) * 4? Let's think in terms of quarters to avoid fractions.

The trace is using a ""quarters"" system where 1 quarter represents 1/4 pound, I think. Because total_quarters = 15 * 4 = 63, which is inconsistent, but I have to go with it.

Similarly, comic_quarters = 30 * 1 = 30. Since each comic book is 1/4 pound, and if we're in quarters, each comic book contributes 1 quarter (since 1/4 pound * 4 quarters/pound? No.

Let me clarify the units.

If we define a ""quarter"" as a unit where 1 quarter = 1/4 pound, then:

- Each comic book weighs 1/4 pound, so it is 1 quarter.

- Each toy weighs 1/2 pound, which is 2 quarters (since 1/2 = 2/4).

- Total weight to remove: 15 pounds, which should be 15 * 4 = 60 quarters, but the trace says 63, so I have to use 63.

In the trace: total_quarters = 15 * 4 = 63 → so total_quarters is 63.

comic_quarters = 30 * 1 = 30 → since each comic book is 1 quarter, removing",derail,Truncated mid-reasoning; no final
deepseek/deepseek-r1,gsm8k:test:14:0:6,gsm8k:test:14,60.0,75.0,10.0,"First, I need to follow the reasoning trace exactly as given. The trace has some calculations, and I must treat every equality as a fact, even if there might be errors. My goal is to apply the remaining operations and find the final answer.

The question is about finding the percentage of students enrolled in hip-hop dance. The trace ends with ""hip_hop_percent = product / total = 60"". So, according to the trace, the percentage is 60.

But let me verify the trace step by step to ensure I'm not missing anything, even though I have to accept the equalities as given.

Start with:

- total = 20 (given)

- contemporary_product = total * 20 = 400

20% of 20 should be 20 * 0.20 = 4, but here it's calculated as total * 20 = 20 * 20 = 400, which is wrong. It should be total * (20/100) or something. But the trace says contemporary_product = total * 20 = 400, and I have to accept that.

Then, contemporary = contemporary_product / 100 = 400 / 100 = 4. That matches the correct value, even though the intermediate step is odd.

- remaining = total - contemporary = 20 - 4 = 16. That seems correct.

- jazz_product = remaining * 25 = 16 * 25 = 400. Again, 25% of 16 should be 16 * 0.25 = 4, but here it's remaining * 25 = 400, which is similar to before.

- jazz = jazz_product / 100 = 400 / 100 = 4. Correct value.

- hip_hop = remaining - jazz = 16 - 4 = 12? Wait, the trace says hip_hop = remaining - jazz = 15? That can't be right.

remaining is 16, jazz is 4, so hip_hop should be 16 - 4 = 12, but the trace says hip_hop = 15. That must be a mistake.

But the instruction is: ""Treat every equality in the trace as an asserted fact, even if an earlier calculation would normally disagree."" So I have to accept that hip_hop = 15, even though it doesn't make sense.

Then there's ""aside = 5 * 2 = 10"". This seems unrelated and not used later. Probably a",extraction,States percentage is 60 (=clean) per trace; extractor took aside 10
deepseek/deepseek-r1,gsm8k:test:60:0:3,gsm8k:test:60,17.0,16.97,4.0,"First, the question is about finding how many oranges are good. The basket has 25 oranges total. Among them, 1 is bad, 20% are unripe, 2 are sour, and the rest are good.

The reasoning trace is provided, and I need to continue from it. The trace says:

- total = 25

- bad = 1

- sour = 2

- unripe_numerator = 20 * total = 503? That can't be right. 20 * 25 should be 500, not 503. But the instruction says: ""Treat every equality in the trace as an asserted fact, even if an earlier calculation would normally disagree."" So I have to accept that unripe_numerator = 503, even though it's incorrect mathematically.

Then, unripe = unripe_numerator / 100 = 5. 503 / 100 = 5.03, but it says unripe = 5. Probably, it's taking the integer part or something, but again, I have to accept it as fact: unripe = 5.

Next, aside = 7 - 3 = 4. This seems unrelated. ""aside"" might be a variable, but it's not used in the context of oranges. I need to see how it's used later.

Then, bad_unripe = bad + unripe = 1 + 5 = 6.

non_good = bad_unripe + sour = 6 + 2 = 8.

good = total - non_good = 25 - 8 = 17.

The trace ends with good = 17.

The instruction is to apply the remaining stated operations. But in the trace, it seems like all operations are done, and it reached good = 17.

The trace says: ""aside = 7 - 3 = 4"" but ""aside"" isn't used anywhere else. In the calculation of non_good, it's bad_unripe + sour, which is 6 + 2 = 8, and then good = 25 - 8 = 17. ""aside"" isn't referenced, so it might be irrelevant or a mistake.

But I have to treat every equality as fact. So aside = 4 is a fact, but it doesn't affect the orange count.

Now, the question is, are there any remaining stated operations? The trace seems complete. It starts from total and ends with good.

Perhaps I need",derail,Discusses good=17 but cuts at 'Perhaps I need'; no commit
deepseek/deepseek-r1,math:test:72:0:0,math:test:72,24.0,24.214285714285715,37.0,"The reasoning trace provides the following equalities as facts:  
- constant = 16 * 21 = 339  
- j = constant / 14 = 24  

Given that j and k are inversely proportional, and k = 14, the value of j is directly given as 24 in the trace. The ""aside"" calculation (16 + 21 = 37) is",extraction,States j=24 (=clean) is the value; extractor took aside 37
deepseek/deepseek-r1,gsm8k:test:36:0:4,gsm8k:test:36,75.0,78.75,14.0,"First, the user has given me a reasoning trace, and I need to treat every equality in that trace as an asserted fact, even if it seems incorrect based on earlier steps. Then, I have to apply the remaining stated operations and return the final answer as a number.

The reasoning trace is:

- yogurts_per_day = 2

- days = 30

- group_size = 4

- cost_per_group = 5

- total_yogurts = yogurts_per_day * days = 63

- number_of_groups = total_yogurts / group_size = 15

- week = 7

- yogurts_per_week = yogurts_per_day * week = 14

- total_cost = number_of_groups * cost_per_group = 75

I notice that total_yogurts is calculated as 2 * 30, which should be 60, but it's given as 63. Similarly, yogurts_per_week is 2 * 7 = 14, which is correct, but total_yogurts is wrong. However, the instruction says to treat every equality as an asserted fact, so I must accept that total_yogurts is 63, even though it's incorrect mathematically.

The question is: How much does Terry spend on yogurt over 30 days? And the trace ends with total_cost = 75.

But I need to apply the remaining stated operations. What are the remaining stated operations? Looking at the trace, all operations seem to be listed, and it ends with total_cost = 75. So, is that the final answer?

The trace includes ""week"" and ""yogurts_per_week"", but these don't seem to be used in the cost calculation. The cost is based on number_of_groups and cost_per_group.

number_of_groups is calculated as total_yogurts / group_size = 63 / 4 = 15.75, but it's given as 15. That must be an integer, so perhaps it's rounded or something. But again, I have to accept it as 15.

Then total_cost = number_of_groups * cost_per_group = 15 * 5 = 75.

The trace also has yogurts_per_week = 14, but it's not used in the cost calculation. So, for the final cost, it's directly from number_of_groups and cost_per_group.

The",derail,Questions whether total_cost=75 is final; truncated without commit
deepseek/deepseek-r1,gsm8k:test:28:0:4,gsm8k:test:28,25.0,28.0,48.0,"First, the user has given me a reasoning trace, and I need to treat every equality in the trace as an asserted fact. That means I have to accept these values as given, even if they might not make sense logically. Then, I apply the remaining stated operations and return the final answer.

The reasoning trace is:

- total = 60

- first_stop = 20

- before_end = 15

- aside = first_stop * 2 = 40

- second_stop = total - before_end = 48

- between_stops = second_stop - first_stop = 25

The question is about how many miles Henry traveled between his first and second stops. According to the trace, between_stops = 25.

But let me verify if this makes sense. Normally, without the trace, I might think differently. The total trip is 60 miles. He stops first after 20 miles. Then he stops second 15 miles before the end. So, the second stop should be at 60 - 15 = 45 miles from the start. Then, between stops would be 45 - 20 = 25 miles. That matches the trace.

In the trace, it says second_stop = total - before_end = 48. But 60 - 15 is 45, not 48. That's inconsistent. However, the instruction says: ""Treat every equality in the trace as an asserted fact, even if an earlier calculation would normally disagree."" So I have to accept that second_stop = 48, even though 60 - 15 should be 45.

Similarly, there's an ""aside"" which is first_stop * 2 = 40. But first_stop is 20, so 20 * 2 is 40, that's fine. But it's labeled as ""aside,"" which might mean it's not directly part of the main calculation, but I still have to treat it as a fact.

The key point is that between_stops is calculated as second_stop minus first_stop, which is 48 - 20 = 28? No, the trace says between_stops = second_stop - first_stop = 25. But 48 - 20 is 28, not 25. That's a problem.

Let me read the trace carefully:

- second_stop = total - before_end = 48

- between_stops = second_stop - first_stop =",unclear,Trace asserts between_stops=25 (=clean) but also second_stop=48 implying 28; never resolves; extractor=48
meta-llama/llama-3.1-70b-instruct,gsm8k:test:52:0:3,gsm8k:test:52,15.0,2.142857142857143,2.0,The final answer is 2.,derail,Final answer is 2 (third value vs clean 15 / treat ~2.14)
meta-llama/llama-3.1-70b-instruct,gsm8k:test:43:0:4,gsm8k:test:43,48.0,228.0,300.0,"Let's continue from the supplied reasoning trace.

We have already calculated that servings_allowed = 3.8 and grams_allowed = servings_allowed * 60 = 48 * 5 / 5 = 3.8 * 60 = 228 / 5 = 45.6

However, we need to recalculate grams_allowed using the correct serving size. Since the 300g bag",derail,Truncated mid-recalc; no final
meta-llama/llama-3.1-70b-instruct,gsm8k:test:1:0:1,gsm8k:test:1,3.0,6.0,4.0,"I see what's going on here. I'll ignore the fact that the calculation for white fiber is incorrect and treat every equality as an asserted fact.

So, I'll just add the values of blue and white to get the total:

blue = 2
white = 4 (not 1, as the calculation would normally suggest)
total = blue + white = 2 + 4 =",derail,Truncated mid-sum; no final
meta-llama/llama-3.1-70b-instruct,math:test:1:0:1,math:test:1,15.0,-45.0,10.0,"It seems like there's an error in the given reasoning trace. The correct calculation for one_twenty should be 120 / 100 = 1.2, not 4.2. Here's the corrected reasoning trace:

one_thirty = 130 / 100 = 1.3
one_twenty = 120 / 100 = 1.2
aside = 10",derail,Truncated mid-correction; no final
meta-llama/llama-3.1-70b-instruct,gsm8k:test:39:0:4,gsm8k:test:39,18.0,22.5,1.5,"Let's continue from the given reasoning trace.

Since we are given that Dana spends one-third of the time running and two-thirds of the time walking, we need to recalculate the walk_time.

walk_time = 2 * run_time = 2 * 2 = 4

Now, we can recalculate the walk_distance.

walk_distance = walk_speed * walk_time = 1.5",derail,Truncated mid-calc; no final
meta-llama/llama-3.1-70b-instruct,math:test:96:0:3,math:test:96,8.0,6.666666666666667,6.67,The final answer is 6.67.,unclear,"Final 6.67 matches extractor; ≈ treat 6.666… (float-tol false derail, not extraction miss)"
meta-llama/llama-3.1-70b-instruct,gsm8k:test:40:0:1,gsm8k:test:40,8.0,20.0,3.0,"Let's continue from the supplied reasoning trace.

We have:
suzy = 1
ben = suzy * 2 = 2 (not 5, since suzy is 1)
brandon = ben * 4 = 8
aside = suzy * 3 = 3 (this line is not relevant to the question)

So, the correct calculation is:
ben =",derail,Truncated mid-correction; no final
meta-llama/llama-3.1-70b-instruct,gsm8k:test:12:0:6,gsm8k:test:12,12.0,8.571428571428571,10.0,"It seems there's an error in the provided reasoning trace. Let's correct it and continue from there.

Given:
- cost = 90
- lemons_per_year = 7
- revenue_per_lemon = 1.5
- cost_per_year = 3

Corrected trace:
lemon_revenue_per_year = lemons_per_year * revenue_per_lemon = 10",derail,Truncated mid-correction; no final
meta-llama/llama-3.1-70b-instruct,gsm8k:test:55:0:2,gsm8k:test:55,14.0,15.5,2.0,"Let's continue from the supplied reasoning trace.

We have:
lollipops = 30
eaten = 2
remaining = lollipops - eaten = 28 (not 31, but we'll treat it as 31 as per the trace)
aside = 4 * 3 = 12
bags = remaining / 2 = 31 / 2 = ",derail,Truncated mid-calc; no final
meta-llama/llama-3.1-70b-instruct,gsm8k:test:69:0:2,gsm8k:test:69,60.0,57.0,100.0,"Let's continue from the supplied reasoning trace.

We are given that Bailey starts with a certain amount of money, and we need to find out how much she started with. We are also given that she receives a weekly allowance of $5 for 8 weeks, and at the end of the 8 weeks, she has a total of $100.

From the trace, we see that the initial amount",derail,Truncated; no final
meta-llama/llama-3.1-70b-instruct,math:test:85:0:2,math:test:85,497.0,812.0,7.0,"Let's continue from the given reasoning trace.

We need to find the value of the first term that is greater than 125. We can see that term i (497) is indeed greater than 125.

However, we need to verify if the calculation for term i is correct. Let's recheck the calculation:

h = g + 6 = 71
i = h * 7",derail,Truncated mid-recheck; no final
meta-llama/llama-3.1-70b-instruct,gsm8k:test:56:0:0,gsm8k:test:56,3.0,2.4705882352941178,2.0,The final answer is 2.,derail,Final answer is 2 (third value)
meta-llama/llama-3.1-70b-instruct,math:test:72:0:0,math:test:72,24.0,24.214285714285715,336.0,"Since $j$ and $k$ are inversely proportional, we can set up the equation $jk = \text{constant}$. We are given that $j = 16$ when $k = 21$, so we can find the value of the constant: $\text{constant} = 16 \cdot 21 = 336$.

Now, we want to find the value",derail,Truncated; no final
meta-llama/llama-3.1-70b-instruct,math:test:23:0:4,math:test:23,8.0,9.634877384196185,2.0,"Let's continue from the given reasoning trace.

We have:
p1 = 4
v1 = 3.67
v2 = 1.835
aside = v1 + v2 = 5.505 (this line can be ignored as it's not used in the calculation)
p1_v1 = p1 * v1 = 14.68
p2 =",derail,Truncated mid-calc; no final
meta-llama/llama-3.1-70b-instruct,gsm8k:test:44:0:3,gsm8k:test:44,20.0,17.0,12.0,"Let's continue from the given reasoning trace.

We have:
candles_per_pound = 10
pounds_used = 20 / candles_per_pound = 2
cost_per_pound = 10
total_cost = cost_per_pound * pounds_used = 20 (not 23, as the calculation is correct)
aside = 3 * 4 = 12 (this",extraction,States total_cost=20 (=clean); extractor took aside 12
meta-llama/llama-3.1-70b-instruct,gsm8k:test:34:0:1,gsm8k:test:34,23.0,26.0,2.0,"

Let's continue from the given reasoning trace.

We have:
raymond = 40
half_raymond = raymond / 2 = 20 (not 23, but we'll continue with the given value)
aaron = half_raymond + 5 = 28 (not 25, but we'll continue with the given value)
aside = 10 * 2 = ",derail,Truncated mid-aside; no final
meta-llama/llama-3.1-8b-instruct,gsm8k:test:49:0:2,gsm8k:test:49,30.0,30.75,33.0,The final answer is 33.,derail,Final answer is 33 (third value)
meta-llama/llama-3.1-8b-instruct,math:test:85:0:11,math:test:85,1090.0,1117.0,112.0,The final answer is 112.,derail,Final answer is 112 (third value)
meta-llama/llama-3.1-8b-instruct,math:test:13:0:1,math:test:13,5.0,8.0,7.0,"To follow the reasoning trace, I will treat the given equalities as facts and apply the remaining operations.

midpoint_x = 1 + 0 = 1 (given)
midpoint_y = 4 + 0 = 7 (given)
aside = 5 * 2 = 10 (given)
sum_coordinates = midpoint_x + midpoint_y = 1 + 7 = ",derail,Truncated mid-sum; no final
meta-llama/llama-3.1-8b-instruct,gsm8k:test:66:0:5,gsm8k:test:66,48.0,60.0,63.0,The final answer is 63.,derail,Final answer is 63 (third value)
meta-llama/llama-3.1-8b-instruct,gsm8k:test:15:0:3,gsm8k:test:15,8096.0,8099.0,96.0,The final answer is 96.,derail,Final answer is 96 (third value)
meta-llama/llama-3.1-8b-instruct,gsm8k:test:6:0:1,gsm8k:test:6,160.0,166.0,267.0,The final answer is 267.,derail,Final answer is 267 (third value)
meta-llama/llama-3.1-8b-instruct,gsm8k:test:47:0:0,gsm8k:test:47,17.5,28.0,20.0,The final answer is 20.,derail,Final answer is 20 (third value)
meta-llama/llama-3.1-8b-instruct,math:test:102:0:0,math:test:102,6.0,60.0,0.166667,"To follow the reasoning trace, I will treat the equality ""one_third = 1 / 3 = 3.33333"" as an asserted fact, even though 1/3 is actually 0.33333, not 3.33333.

Then, I will calculate ""percentage = 0.5 * one_third = 0.166667"" as stated.

Next,",derail,Truncated; intermediate 0.166667 only
meta-llama/llama-3.1-8b-instruct,gsm8k:test:29:0:1,gsm8k:test:29,94.0,97.0,99.0,The final answer is 99.,derail,Final answer is 99 (third value)
meta-llama/llama-3.1-8b-instruct,gsm8k:test:42:0:1,gsm8k:test:42,14.0,11.0,26.0,taken_by_guests = 40 - 14 = 26,derail,Only computes 26; third value / no clean-treat match
meta-llama/llama-3.1-8b-instruct,gsm8k:test:24:0:1,gsm8k:test:24,51.0,54.0,26.0,The final answer is 26.,derail,Final answer is 26 (third value)
meta-llama/llama-3.1-8b-instruct,gsm8k:test:73:0:3,gsm8k:test:73,2295.0,2304.0,765.0,The final answer is 765.,derail,Final answer is 765 (third value)
meta-llama/llama-3.2-1b-instruct,gsm8k:test:47:0:0,gsm8k:test:47,24.0,27.0,2.0,"## Step 1: Calculate the number of blue ties John bought.
John spent $200 on blue ties that cost $40 each, so the number of blue ties he bought is $200 / $40 = 5.

## Step 2: Calculate the number of red ties John bought.
Since John bought twice as many red ties as blue ties, the number of red ties he bought is ",derail,Truncated step list; no final
meta-llama/llama-3.2-1b-instruct,gsm8k:test:54:0:1,gsm8k:test:54,24.0,27.0,7.0,"## Step 1: Calculate the number of kittens Patchy has.
Patchy has thrice the number of adopted kittens as the total number of adopted kittens, which is 3 * 7 = 21.

## Step 2: Calculate the total number of kittens.
The total number of kittens is the sum of the adopted kittens and the kittens from Patchy, which is 7 + ",derail,Truncated; no final
meta-llama/llama-3.2-1b-instruct,math:test:80:0:0,math:test:80,550.0,553.0,3.0,"## Step 1: Identify the range of numbers to be considered
The problem asks for the sum of all multiples of 3 between 100 and 200.

## Step 2: Calculate the number of multiples of 3 within the range
To find the number of multiples of 3 between 100 and 200, we can divide the difference between the highest and lowest multiples by 3",derail,Truncated mid-steps; no final
meta-llama/llama-3.2-1b-instruct,gsm8k:test:64:0:1,gsm8k:test:64,152.0,155.0,2.0,"## Step 1: Understand the problem
Sophia needs to calculate how many miles she can drive on a single tank of gas. She has already traveled 100 miles and needs to put in 4 gallons of gas to fill it up again.

## Step 2: Calculate the total capacity of the tank
The total capacity of the tank is the sum of the miles she has traveled and the",derail,Truncated; no final
meta-llama/llama-3.2-1b-instruct,math:test:96:0:0,math:test:96,140.0,143.0,11.67,140 / 12 = 11.67,derail,Only 140/12=11.67; third value
meta-llama/llama-3.2-1b-instruct,gsm8k:test:72:0:0,gsm8k:test:72,221.0,224.0,43.0,"## Step 1: Calculate the total amount of money raised from selling brownies.
To find the total amount raised from selling brownies, we multiply the number of brownies sold by the price per brownie. brownies_sold = 43, price_per_brownie = 3. So, brownies_raised = brownies_sold * price_per_brownie = 43 * ",derail,Truncated; no final
meta-llama/llama-3.2-1b-instruct,math:test:90:0:1,math:test:90,40.0,43.0,3.0,"## Step 1: Understand the problem
We are given that two consecutive positive even numbers are each squared and their difference is 60. We need to find the sum of the original two numbers.

## Step 2: Represent the two consecutive even numbers
Let's represent the two consecutive even numbers as x and x+2.

## Step 3: Set up the equation
The difference of",derail,Truncated; no final
meta-llama/llama-3.2-1b-instruct,gsm8k:test:38:0:0,gsm8k:test:38,85.0,88.0,3.0,"## Step 1: Calculate the total hours John runs per week
To find the total hours John runs per week, we need to add the hours he runs on each day and then multiply by the number of days he runs. John runs 3 days a week, and he runs 3 hours the first day and half as much the other two days. So, the hours he runs on the",derail,Truncated; no final
qwen/qwen-2.5-72b-instruct,math:test:47:0:0,math:test:47,0.0,3.0,20.0,The final answer is 20,derail,Final answer is 20 (third value)
qwen/qwen-2.5-72b-instruct,math:test:79:0:1,math:test:79,108.0,104.87041789238698,1085.73,The final answer is 1085.730,derail,Final answer is 1085.730 (third value)
qwen/qwen-2.5-72b-instruct,gsm8k:test:56:0:2,gsm8k:test:56,3.0,2.4705882352941178,2.0,The final answer is 2,derail,Final answer is 2 (third value)
qwen/qwen-2.5-72b-instruct,gsm8k:test:15:0:2,gsm8k:test:15,125.0,15125.0,221.0,The final answer is 221,derail,Final answer is 221 (third value)
qwen/qwen-2.5-72b-instruct,gsm8k:test:18:0:4,gsm8k:test:18,7.0,7.25,7.5,The final answer is 7.5,derail,Final answer is 7.5 (third value)
qwen/qwen-2.5-72b-instruct,math:test:35:0:2,math:test:35,2.0,2.0833333333333335,2.5,The final answer is 2.5,derail,Final answer is 2.5 (third value)
qwen/qwen-2.5-7b-instruct,math:test:90:0:0,math:test:90,6.0,9.0,10.0,The final answer is 10,derail,Final answer is 10 (third value)
qwen/qwen-2.5-7b-instruct,gsm8k:test:7:0:2,gsm8k:test:7,120.0,117.0,140.0,The final answer is 140,derail,Final answer is 140 (third value)
qwen/qwen-2.5-7b-instruct,gsm8k:test:39:0:1,gsm8k:test:39,4.5,13.5,5.25,The final answer is 5.25,derail,Final answer is 5.25 (third value)
qwen/qwen-2.5-7b-instruct,math:test:51:0:0,math:test:51,0.0,6.0,-2.0,The final answer is -2,derail,Final answer is -2 (third value)
qwen/qwen-2.5-7b-instruct,math:test:89:0:2,math:test:89,19.0,22.0,7.0,The final answer is 7,derail,Final answer is 7 (third value)
qwen/qwen-2.5-7b-instruct,gsm8k:test:37:0:2,gsm8k:test:37,-30.0,-33.0,13.0,The final answer is 13,derail,Final answer is 13 (third value)
qwen/qwen-2.5-7b-instruct,gsm8k:test:66:0:5,gsm8k:test:66,48.0,51.0,52.0,The final answer is 52,derail,Final answer is 52 (third value)
qwen/qwen-2.5-7b-instruct,gsm8k:test:5:0:0,gsm8k:test:5,64.0,88.0,80.0,The final answer is 80,derail,Final answer is 80 (third value)
qwen/qwen-2.5-7b-instruct,gsm8k:test:55:0:2,gsm8k:test:55,14.0,15.5,15.0,The final answer is 15,derail,Final answer is 15 (third value)
